select * from personas;

-- Inserciones
-- Personas
INSERT INTO personas(nombres, apellidos, correo, telefono, direccion) VALUES
('Xavier Alejandro', 'Guanoluisa Quevedo', 'alejo@gmail.com', '0993630096', 'Reino de Quito'),
('Emily Alejandra', 'Galeas Tingo', 'emy@gmail.com', '0987458521', 'Carcelen'),
('Eduardo Steven', 'Chacha Guzman', 'edu@mail.com', '0987458578', 'Conocoto'),
('Rosa Maria', 'Ganchala Chulde', 'rosa@gmail.com', '0963212541', 'Calderon'),
('Angelica Fernanda', 'Garcia Torres', 'ange@gmail.com', '0912541236', 'La Carolina'),
('Jose Manuel', 'Rojas Cruz', 'jose@gmail.com', '0987485421', 'Chillogallo'),
('Juan Carlos', 'Mendoza Ortiz', 'juan.mendoza@mail.com', '0987123456', 'La Floresta'),
('María Fernanda', 'Vega Castillo', 'maria.vega@mail.com', '0987234567', 'Cumbayá'),
('Carlos Andrés', 'Ríos Morales', 'carlos.rios@mail.com', '0987345678', 'Tumbaco'),
('Ana Lucía', 'Paredes León', 'ana.paredes@mail.com', '0987456789', 'Valle de los Chillos'),
('Luis Alberto', 'Salazar Cruz', 'luis.salazar@mail.com', '0987567890', 'Quitumbe'),
('Laura Patricia', 'Cordova Bravo', 'laura.cordova@mail.com', '0987678901', 'Solanda'),
('Pedro José', 'Franco Zambrano', 'pedro.franco@mail.com', '0987789012', 'Calderón'),
('Sofía Alejandra', 'Miranda Espinoza', 'sofia.miranda@mail.com', '0987890123', 'Carapungo'),
('Diego Armando', 'Vera Peña', 'diego.vera@mail.com', '0987901234', 'Conocoto'),
('Valeria Nicole', 'Figueroa Rivera', 'valeria.figueroa@mail.com', '0987012345', 'La Ronda'),
('Andrés Felipe', 'Navarro Delgado', 'andres.navarro@mail.com', '0987123456', 'La Mariscal'),
('Camila Estefanía', 'Guerrero Medina', 'camila.guerrero@mail.com', '0987234567', 'La Carolina'),
('Jorge Luis', 'Soto Cortez', 'jorge.soto@mail.com', '0987345678', 'Iñaquito'),
('Daniela Michelle', 'Valdez Marquez', 'daniela.valdez@mail.com', '0987456789', 'Gonzales Suarez'),
('Fernando José', 'Zambrano Franco', 'fernando.zambrano@mail.com', '0987567890', 'La Alameda'),
('Gabriela Alejandra', 'Peña Figueroa', 'gabriela.pena@mail.com', '0987678901', 'La Pradera'),
('Ricardo Antonio', 'Rivera Miranda', 'ricardo.rivera@mail.com', '0987789012', 'Bellavista'),
('Isabel Cristina', 'Espinoza Vera', 'isabel.espinoza@mail.com', '0987890123', 'San Juan'),
('Pablo Andrés', 'Bravo Cordova', 'pablo.bravo@mail.com', '0987901234', 'San Sebastián'),
('Natalia Elizabeth', 'Cruz Salazar', 'natalia.cruz@mail.com', '0987012345', 'San Blas'),
('Miguel Ángel', 'León Paredes', 'miguel.leon@mail.com', '0987123456', 'San Marcos'),
('Andrea Carolina', 'Morales Ríos', 'andrea.morales@mail.com', '0987234567', 'San Roque'),
-- Continuaría con más registros hasta completar 120...
('Oscar Daniel', 'Castillo Vega', 'oscar.castillo@mail.com', '0987345678', 'La Kennedy'),
('Tatiana Vanessa', 'Alvarez Suarez', 'tatiana.alvarez@mail.com', '0987456789', 'La Ecuatoriana'),
('Hector Fabian', 'Herrera Ruiz', 'hector.herrera@mail.com', '0987567890', 'La Ferroviaria'),
('Veronica Patricia', 'Jimenez Mendoza', 'veronica.jimenez@mail.com', '0987678901', 'La Magdalena'),
('Victor Manuel', 'Martinez Lopez', 'victor.martinez@mail.com', '0987789012', 'La Mena'),
('Claudia Alejandra', 'Gonzalez Perez', 'claudia.gonzalez@mail.com', '0987890123', 'La Colmena'),
('Arturo Javier', 'Ramirez Sanchez', 'arturo.ramirez@mail.com', '0987901234', 'La Vicentina'),
('Elena Beatriz', 'Flores Torres', 'elena.flores@mail.com', '0987012345', 'La Forestal'),
('Francisco Xavier', 'Diaz Vargas', 'francisco.diaz@mail.com', '0987123456', 'La Granja'),
('Rocio del Carmen', 'Romero Castro', 'rocio.romero@mail.com', '0987234567', 'La Armenia'),
('Manuel Antonio', 'Vargas Diaz', 'manuel.vargas@mail.com', '0987345678', 'La Concepción'),
('Beatriz Elena', 'Torres Flores', 'beatriz.torres@mail.com', '0987456789', 'La Ecuatoriana'),
('Antonio José', 'Sanchez Ramirez', 'antonio.sanchez@mail.com', '0987567890', 'La Ferroviaria'),
('Silvia Patricia', 'Perez Gonzalez', 'silvia.perez@mail.com', '0987678901', 'La Magdalena'),
('Enrique Ricardo', 'Lopez Martinez', 'enrique.lopez@mail.com', '0987789012', 'La Mena'),
('Lorena Elizabeth', 'Martinez Lopez', 'lorena.martinez@mail.com', '0987890123', 'La Colmena'),
('Rafael Angel', 'Gomez Rodriguez', 'rafael.gomez@mail.com', '0987901234', 'La Vicentina'),
('Mariana Alejandra', 'Rodriguez Gomez', 'mariana.rodriguez@mail.com', '0987012345', 'La Forestal'),
('Esteban David', 'Ortiz Mendoza', 'esteban.ortiz@mail.com', '0987123456', 'La Granja'),
('Patricia Nicole', 'Castillo Vega', 'patricia.castillo@mail.com', '0987234567', 'La Armenia'),
('Roberto Carlos', 'Morales Rios', 'roberto.morales@mail.com', '0987345678', 'La Concepción'),
('Monica Patricia', 'Rios Morales', 'monica.rios@mail.com', '0987456789', 'La Floresta'),
('Eduardo Jose', 'Leon Paredes', 'eduardo.leon@mail.com', '0987567890', 'Cumbaya'),
('Lucia Fernanda', 'Cruz Salazar', 'lucia.cruz@mail.com', '0987678901', 'Tumbaco'),
('Alberto Andres', 'Salazar Cruz', 'alberto.salazar@mail.com', '0987789012', 'Valle de los Chillos'),
('Carmen Rosa', 'Bravo Cordova', 'carmen.bravo@mail.com', '0987890123', 'Quitumbe'),
('Raul Antonio', 'Cordova Bravo', 'raul.cordova@mail.com', '0987901234', 'Solanda'),
('Adriana Maria', 'Franco Zambrano', 'adriana.franco@mail.com', '0987012345', 'Calderon'),
('Oscar Fernando', 'Zambrano Franco', 'oscar.zambrano@mail.com', '0987123456', 'Carapungo'),
('Tatiana Elizabeth', 'Miranda Espinoza', 'tatiana.miranda@mail.com', '0987234567', 'Conocoto'),
('Hector Daniel', 'Espinoza Miranda', 'hector.espinoza@mail.com', '0987345678', 'La Ronda'),
('Veronica Lucia', 'Vera Peña', 'veronica.vera@mail.com', '0987456789', 'La Mariscal'),
('Victor Manuel', 'Peña Vera', 'victor.pena@mail.com', '0987567890', 'La Carolina'),
('Claudia Marcela', 'Figueroa Rivera', 'claudia.figueroa@mail.com', '0987678901', 'Iñaquito'),
('Arturo Javier', 'Rivera Figueroa', 'arturo.rivera@mail.com', '0987789012', 'Gonzales Suarez'),
('Elena Patricia', 'Navarro Delgado', 'elena.navarro@mail.com', '0987890123', 'La Alameda'),
('Francisco Jose', 'Delgado Navarro', 'francisco.delgado@mail.com', '0987901234', 'La Pradera'),
('Rocio Alejandra', 'Guerrero Medina', 'rocio.guerrero@mail.com', '0987012345', 'Bellavista'),
('Manuel Antonio', 'Medina Guerrero', 'manuel.medina@mail.com', '0987123456', 'San Juan'),
('Beatriz Elena', 'Soto Cortez', 'beatriz.soto@mail.com', '0987234567', 'San Sebastian'),
('Antonio Ricardo', 'Cortez Soto', 'antonio.cortez@mail.com', '0987345678', 'San Blas'),
('Silvia Fernanda', 'Valdez Marquez', 'silvia.valdez@mail.com', '0987456789', 'San Marcos'),
('Enrique Jose', 'Marquez Valdez', 'enrique.marquez@mail.com', '0987567890', 'San Roque'),
('Lorena Patricia', 'Alvarez Suarez', 'lorena.alvarez@mail.com', '0987678901', 'La Kennedy'),
('Rafael Andres', 'Suarez Alvarez', 'rafael.suarez@mail.com', '0987789012', 'La Ecuatoriana'),
('Mariana Lucia', 'Herrera Ruiz', 'mariana.herrera@mail.com', '0987890123', 'La Ferroviaria'),
('Esteban David', 'Ruiz Herrera', 'esteban.ruiz@mail.com', '0987901234', 'La Magdalena'),
('Patricia Nicole', 'Jimenez Mendoza', 'patricia.jimenez@mail.com', '0987012345', 'La Mena'),
('Roberto Carlos', 'Mendoza Jimenez', 'roberto.mendoza@mail.com', '0987123456', 'La Colmena'),
('Monica Alejandra', 'Martinez Lopez', 'monica.martinez@mail.com', '0987234567', 'La Vicentina'),
('Eduardo Jose', 'Lopez Martinez', 'eduardo.lopez@mail.com', '0987345678', 'La Forestal'),
('Lucia Fernanda', 'Gonzalez Perez', 'lucia.gonzalez@mail.com', '0987456789', 'La Granja'),
('Alberto Andres', 'Perez Gonzalez', 'alberto.perez@mail.com', '0987567890', 'La Armenia'),
('Carmen Rosa', 'Ramirez Sanchez', 'carmen.ramirez@mail.com', '0987678901', 'La Concepcion'),
('Raul Antonio', 'Sanchez Ramirez', 'raul.sanchez@mail.com', '0987789012', 'La Floresta'),
('Adriana Maria', 'Flores Torres', 'adriana.flores@mail.com', '0987890123', 'Cumbaya'),
('Oscar Fernando', 'Torres Flores', 'oscar.torres@mail.com', '0987901234', 'Tumbaco'),
('Tatiana Elizabeth', 'Diaz Vargas', 'tatiana.diaz@mail.com', '0987012345', 'Valle de los Chillos'),
('Hector Daniel', 'Vargas Diaz', 'hector.vargas@mail.com', '0987123456', 'Quitumbe'),
('Veronica Lucia', 'Romero Castro', 'veronica.romero@mail.com', '0987234567', 'Solanda'),
('Victor Manuel', 'Castro Romero', 'victor.castro@mail.com', '0987345678', 'Calderon'),
('Claudia Marcela', 'Paredes Leon', 'claudia.paredes@mail.com', '0987456789', 'Carapungo'),
('Arturo Javier', 'Leon Paredes', 'arturo.leon@mail.com', '0987567890', 'Conocoto'),
('Elena Patricia', 'Morales Rios', 'elena.morales@mail.com', '0987678901', 'La Ronda'),
('Francisco Jose', 'Rios Morales', 'francisco.rios@mail.com', '0987789012', 'La Mariscal'),
('Rocio Alejandra', 'Castillo Vega', 'rocio.castillo@mail.com', '0987890123', 'La Carolina'),
('Manuel Antonio', 'Vega Castillo', 'manuel.vega@mail.com', '0987901234', 'Iñaquito'),
('Beatriz Elena', 'Cordova Bravo', 'beatriz.cordova@mail.com', '0987012345', 'Gonzales Suarez'),
('Antonio Ricardo', 'Bravo Cordova', 'antonio.bravo@mail.com', '0987123456', 'La Alameda'),
('Silvia Fernanda', 'Salazar Cruz', 'silvia.salazar@mail.com', '0987234567', 'La Pradera'),
('Enrique Jose', 'Cruz Salazar', 'enrique.cruz@mail.com', '0987345678', 'Bellavista'),
('Lorena Patricia', 'Franco Zambrano', 'lorena.franco@mail.com', '0987456789', 'San Juan'),
('Rafael Andres', 'Zambrano Franco', 'rafael.zambrano@mail.com', '0987567890', 'San Sebastian'),
('Mariana Lucia', 'Miranda Espinoza', 'mariana.miranda@mail.com', '0987678901', 'San Blas'),
('Esteban David', 'Espinoza Miranda', 'esteban.espinoza@mail.com', '0987789012', 'San Marcos'),
('Patricia Nicole', 'Vera Peña', 'patricia.vera@mail.com', '0987890123', 'San Roque'),
('Roberto Carlos', 'Peña Vera', 'roberto.pena@mail.com', '0987901234', 'La Kennedy'),
('Monica Alejandra', 'Figueroa Rivera', 'monica.figueroa@mail.com', '0987012345', 'La Ecuatoriana'),
('Eduardo Jose', 'Rivera Figueroa', 'eduardo.rivera@mail.com', '0987123456', 'La Ferroviaria'),
('Lucia Fernanda', 'Navarro Delgado', 'lucia.navarro@mail.com', '0987234567', 'La Magdalena'),
('Alberto Andres', 'Delgado Navarro', 'alberto.delgado@mail.com', '0987345678', 'La Mena'),
('Carmen Rosa', 'Guerrero Medina', 'carmen.guerrero@mail.com', '0987456789', 'La Colmena'),
('Raul Antonio', 'Medina Guerrero', 'raul.medina@mail.com', '0987567890', 'La Vicentina'),
('Adriana Maria', 'Soto Cortez', 'adriana.soto@mail.com', '0987678901', 'La Forestal'),
('Oscar Fernando', 'Cortez Soto', 'oscar.cortez@mail.com', '0987789012', 'La Granja'),
('Tatiana Elizabeth', 'Valdez Marquez', 'tatiana.valdez@mail.com', '0987890123', 'La Armenia'),
('Hector Daniel', 'Marquez Valdez', 'hector.marquez@mail.com', '0987901234', 'La Concepcion');

-- Usuarios
INSERT INTO usuarios(persona_id, contraseña, tipo_usuario) VALUES
(1, 'alejo123', 'administrador'),
(2, 'emi123', 'administrador'),
(3, 'edu123', 'mentor'),
(4, 'rosa123', 'emprendedor'),
(5, 'ange123', 'emprendedor'),
(6, 'jose123', 'emprendedor'),
(7, 'juanm123', 'emprendedor'),
(8, 'mariav123', 'emprendedor'),
(9, 'carlosr123', 'emprendedor'),
(10, 'anap123', 'emprendedor'),
(11, 'luiss123', 'emprendedor'),
(12, 'laurc123', 'emprendedor'),
(13, 'pedroc123', 'emprendedor'),
(14, 'sofias123', 'emprendedor'),
(15, 'diegov123', 'emprendedor'),
(16, 'valeriaf123', 'emprendedor'),
(17, 'andresn123', 'mentor'),
(18, 'camilag123', 'mentor'),
(19, 'jorges123', 'mentor'),
(20, 'danielav123', 'mentor'),
(21, 'fernandoz123', 'emprendedor'),
(22, 'gabrielap123', 'emprendedor'),
(23, 'ricardor123', 'emprendedor'),
(24, 'isabele123', 'emprendedor'),
(25, 'pablob123', 'emprendedor'),
(26, 'nataliac123', 'emprendedor'),
(27, 'miguell123', 'emprendedor'),
(28, 'andream123', 'emprendedor'),
(29, 'oscarc123', 'mentor'),
(30, 'tatianaa123', 'mentor'),
(31, 'hectorh123', 'mentor'),
(32, 'veronicaj123', 'mentor'),
(33, 'victorm123', 'mentor'),
(34, 'claudiag123', 'mentor'),
(35, 'arturor123', 'mentor'),
(36, 'elenaf123', 'mentor'),
(37, 'franciscod123', 'mentor'),
(38, 'rocior123', 'mentor'),
(39, 'manuelv123', 'mentor'),
(40, 'beatrizt123', 'mentor'),
(41, 'antonios123', 'mentor'),
(42, 'silviap123', 'mentor'),
(43, 'enriquel123', 'mentor'),
(44, 'lorenam123', 'mentor'),
(45, 'rafaelg123', 'mentor'),
(46, 'marianar123', 'mentor'),
(47, 'estebano123', 'mentor'),
(48, 'patriciac123', 'mentor'),
(49, 'robertom123', 'mentor'),
(50, 'monicar123', 'mentor'),
(51, 'eduardol123', 'emprendedor'),
(52, 'luciac123', 'emprendedor'),
(53, 'albertos123', 'emprendedor'),
(54, 'carmenr123', 'emprendedor'),
(55, 'raulc123', 'emprendedor'),
(56, 'adrianaf123', 'emprendedor'),
(57, 'oscarz123', 'emprendedor'),
(58, 'tatianam123', 'emprendedor'),
(59, 'hectore123', 'emprendedor'),
(60, 'veronicav123', 'emprendedor'),
(61, 'victorp123', 'emprendedor'),
(62, 'claudiaf123', 'emprendedor'),
(63, 'arturor123', 'emprendedor'),
(64, 'elenan123', 'emprendedor'),
(65, 'franciscod123', 'emprendedor'),
(66, 'rociog123', 'emprendedor'),
(67, 'manuelm123', 'emprendedor'),
(68, 'beatrizs123', 'emprendedor'),
(69, 'antonioc123', 'emprendedor'),
(70, 'silviar123', 'emprendedor'),
(71, 'enriquem123', 'emprendedor'),
(72, 'lorenap123', 'emprendedor'),
(73, 'rafaelv123', 'emprendedor'),
(74, 'marianam123', 'emprendedor'),
(75, 'estebane123', 'emprendedor'),
(76, 'patriciar123', 'emprendedor'),
(77, 'robertop123', 'emprendedor'),
(78, 'monicam123', 'emprendedor'),
(79, 'eduardor123', 'emprendedor'),
(80, 'luciam123', 'emprendedor'),
(81, 'albertov123', 'emprendedor'),
(82, 'carmenp123', 'emprendedor'),
(83, 'raulm123', 'emprendedor'),
(84, 'adrianar123', 'emprendedor'),
(85, 'oscarm123', 'emprendedor'),
(86, 'tatianar123', 'emprendedor'),
(87, 'hectorp123', 'emprendedor'),
(88, 'veronicam123', 'emprendedor'),
(89, 'victorr123', 'emprendedor'),
(90, 'claudiam123', 'emprendedor'),
(91, 'arturov123', 'emprendedor'),
(92, 'elenap123', 'emprendedor'),
(93, 'franciscom123', 'emprendedor'),
(94, 'rociop123', 'emprendedor'),
(95, 'manuelr123', 'emprendedor'),
(96, 'beatrizv123', 'emprendedor'),
(97, 'antoniom123', 'emprendedor'),
(98, 'silviar123', 'emprendedor'),
(99, 'enriquep123', 'emprendedor'),
(100, 'lorenam123', 'emprendedor');

-- Mentores
INSERT INTO mentores(persona_id, especialidad) VALUES
(3, 'Desarrollo de Software'),
(4, 'Marketing Digital'),
(5, 'Finanzas Empresariales'),
(6, 'Diseño de Productos'),
(7, 'Gestión de Proyectos'),
(8, 'Inteligencia Artificial'),
(9, 'Blockchain'),
(10, 'Comercio Electrónico'),
(11, 'Branding'),
(12, 'Analítica de Datos'),
(13, 'Diseño UX/UI'),
(14, 'Desarrollo Mobile'),
(15, 'Cloud Computing'),
(16, 'Ciberseguridad'),
(17, 'Redes Sociales'),
(18, 'Logística'),
(19, 'Recursos Humanos'),
(20, 'Legislación Empresarial'),
(21, 'Innovación Tecnológica'),
(22, 'Realidad Virtual');

-- Ideas de negocio
INSERT INTO ideas_negocio(usuario_id, categoria_id, titulo, descripcion, estado) VALUES
(4, 1, 'App para gestión de inventarios', 'Aplicación móvil para pequeñas empresas que necesitan controlar sus inventarios en tiempo real', 2),
(5, 1, 'Plataforma de cursos online', 'Marketplace para que profesionales independientes ofrezcan cursos en diversas áreas', 2),
(6, 2, 'Tutorías virtuales', 'Conecta estudiantes con tutores especializados en diferentes materias académicas', 3),
(7, 2, 'Biblioteca digital comunitaria', 'Plataforma para compartir y prestar libros digitales entre vecinos', 4),
(8, 3, 'Telemedicina para zonas rurales', 'Servicio de consultas médicas remotas para comunidades alejadas', 2),
(9, 3, 'Seguro médico para freelancers', 'Paquetes de salud asequibles para trabajadores independientes', 5),
(10, 4, 'Comida saludable a domicilio', 'Servicio de suscripción de comidas balanceadas preparadas por chefs', 2),
(11, 4, 'Supermercado de productos locales', 'E-commerce especializado en productos agrícolas de pequeños productores', 3),
(12, 5, 'Moda sostenible', 'Línea de ropa fabricada con materiales reciclados y procesos ecológicos', 4),
(13, 5, 'Alquiler de vestidos de gala', 'Plataforma para alquilar vestidos de diseñador para ocasiones especiales', 2),
(14, 6, 'Experiencias turísticas auténticas', 'Conecta viajeros con anfitriones locales para vivir la cultura auténtica', 5),
(15, 6, 'App de rutas alternativas', 'Sugiere rutas turísticas menos conocidas basadas en preferencias del usuario', 2),
(16, 7, 'Inversiones colectivas', 'Plataforma de crowdfunding para proyectos inmobiliarios con pequeños capitales', 3),
(17, 7, 'Educación financiera para jóvenes', 'Cursos y herramientas interactivas para aprender a manejar las finanzas personales', 4),
(18, 1, 'Traductor de lenguaje de señas', 'App que utiliza IA para traducir lenguaje de señas a texto en tiempo real', 2),
(19, 1, 'Control parental inteligente', 'Sistema que ayuda a padres a gestionar el tiempo de pantalla de sus hijos', 5),
(20, 2, 'Plataforma de intercambio de habilidades', 'Comunidad donde los usuarios enseñan y aprenden habilidades prácticas', 2),
(21, 2, 'Kit de experimentos científicos para niños', 'Paquetes mensuales con materiales y guías para aprender ciencia en casa', 3),
(22, 3, 'Monitor de salud mental', 'App que analiza patrones de comportamiento para detectar posibles problemas', 4),
(23, 3, 'Terapias alternativas online', 'Plataforma que conecta terapeutas alternativos con pacientes', 2),
(24, 4, 'Huertos urbanos personalizados', 'Servicio completo para instalar y mantener huertos en hogares', 5),
(25, 4, 'Comida para mascotas saludable', 'Elaboración de alimentos naturales para perros y gatos con ingredientes locales', 2),
(26, 5, 'Ropa adaptada para personas con discapacidad', 'Diseño de prendas funcionales y estéticas para diferentes necesidades', 3),
(27, 5, 'Accesorios de moda con materiales reciclados', 'Línea de joyería y complementos hechos con materiales reutilizados', 4),
(28, 6, 'Guías turísticos virtuales', 'Experiencias de realidad virtual para conocer destinos antes de viajar', 2),
(29, 6, 'Alojamiento en granjas', 'Plataforma que conecta viajeros con granjas que ofrecen alojamiento rural', 5),
(30, 7, 'Comparador de servicios financieros', 'Herramienta para comparar créditos, seguros y productos bancarios', 2),
(31, 7, 'Planificador financiero automático', 'Sistema que analiza ingresos/gastos y sugiere planes de ahorro', 3),
(32, 1, 'Asistente virtual para PYMES', 'Chatbot especializado en resolver dudas comunes de pequeñas empresas', 4),
(33, 1, 'Identificador de plantas', 'App que reconoce especies vegetales mediante fotos y da cuidados', 2),
(34, 2, 'Club de lectura interactivo', 'Plataforma con herramientas para analizar libros en grupo de forma remota', 5),
(35, 2, 'Talleres vocacionales para adolescentes', 'Programas prácticos para ayudar a jóvenes a descubrir su vocación', 2),
(36, 3, 'Nutrición personalizada con IA', 'Sistema que crea planes alimenticios basados en análisis de sangre y ADN', 3),
(37, 3, 'Red de apoyo para cuidadores', 'Comunidad y recursos para personas que cuidan familiares dependientes', 4),
(38, 4, 'Entrega de productos de granja', 'Servicio de suscripción semanal de frutas y verduras orgánicas', 2),
(39, 4, 'Mercado de productos sin gluten', 'E-commerce especializado en alimentos para celíacos', 5),
(40, 5, 'Calzado ecológico', 'Zapatos fabricados con materiales biodegradables y procesos sostenibles', 2),
(41, 5, 'Renta de ropa de trabajo', 'Servicio de alquiler de trajes y ropa profesional para ocasiones', 3),
(42, 6, 'Turismo de voluntariado', 'Plataforma que organiza viajes combinados con trabajo social', 4),
(43, 6, 'Rutas gastronómicas virtuales', 'Experiencias culinarias online con chefs locales', 2),
(44, 7, 'Micropréstamos entre particulares', 'Sistema P2P de pequeños préstamos con bajos intereses', 5),
(45, 7, 'Educador financiero para niños', 'App gamificada para enseñar conceptos financieros básicos', 2),
(46, 1, 'Control de gastos automatizado', 'Herramienta que categoriza y analiza automáticamente los gastos personales', 3),
(47, 1, 'Plataforma de desarrollo colaborativo', 'Entorno para que programadores trabajen en proyectos open-source', 4),
(48, 2, 'Intercambio de idiomas', 'App que conecta personas para aprender idiomas enseñando el propio', 2),
(49, 2, 'Mentoría académica', 'Plataforma que conecta estudiantes universitarios con profesionales', 5),
(50, 3, 'Monitor de sueño inteligente', 'Dispositivo wearable que analiza patrones de sueño y sugiere mejoras', 2),
(51, 3, 'Farmacia virtual', 'Servicio de entrega de medicamentos con recordatorio de dosis', 3),
(52, 4, 'Comida étnica auténtica', 'Servicio de suscripción de comidas tradicionales de diferentes culturas', 4),
(53, 4, 'Superalimentos locales', 'Producción y distribución de alimentos nutritivos autóctonos', 2),
(54, 5, 'Moda inclusiva', 'Diseño de ropa para todas las tallas y tipos de cuerpo', 5),
(55, 5, 'Accesorios con energía solar', 'Línea de bolsos y mochilas con cargadores solares integrados', 2),
(56, 6, 'Turismo accesible', 'Plataforma especializada en viajes para personas con movilidad reducida', 3),
(57, 6, 'Eco-alojamientos', 'Directorio de hoteles y alojamientos con certificación ecológica', 4),
(58, 7, 'Inversión en cripto para principiantes', 'Plataforma educativa y de gestión simplificada de criptomonedas', 2),
(59, 7, 'Seguro de dispositivos electrónicos', 'Cobertura asequible para smartphones y laptops', 5),
(60, 1, 'App contra el desperdicio de comida', 'Conecta restaurantes con excedentes a consumidores a precio reducido', 2),
(61, 1, 'Control de huella de carbono', 'Herramienta para calcular y compensar emisiones personales', 3),
(62, 2, 'Talleres de habilidades blandas', 'Cursos prácticos para desarrollar inteligencia emocional y social', 4),
(63, 2, 'Biblioteca de herramientas', 'Sistema de préstamo comunitario de herramientas y equipos', 2),
(64, 3, 'Terapia online grupal', 'Plataforma para sesiones de terapia psicológica en grupo', 5),
(65, 3, 'Nutrición deportiva personalizada', 'Planes alimenticios adaptados a diferentes disciplinas atléticas', 2),
(66, 4, 'Cenas gourmet en casa', 'Chefs a domicilio para cenas especiales con menú personalizado', 3),
(67, 4, 'Helados saludables', 'Línea de helados bajos en azúcar y altos en proteínas', 4),
(68, 5, 'Ropa con tecnología de regulación térmica', 'Prendas que se adaptan a la temperatura ambiente', 2),
(69, 5, 'Joyeria con impresión 3D', 'Diseño y fabricación de joyería personalizada con impresoras 3D', 5),
(70, 6, 'Turismo científico', 'Paquetes para visitar centros de investigación y laboratorios', 2),
(71, 6, 'Experiencias astronómicas', 'Viajes a lugares con cielos despejados para observación estelar', 3),
(72, 7, 'Asesoría fiscal para freelancers', 'Servicio especializado en gestión tributaria para trabajadores independientes', 4),
(73, 7, 'Plataforma de ahorro colectivo', 'Grupos de ahorro comunitario con rendimientos competitivos', 2),
(74, 1, 'App para aprender a programar', 'Curso interactivo de programación con proyectos prácticos', 5),
(75, 1, 'Asistente para reuniones virtuales', 'Herramienta que resume y organiza los acuerdos de cada reunión', 2),
(76, 2, 'Intercambio de libros escolares', 'Plataforma para comprar/vender libros de texto usados entre estudiantes', 3),
(77, 2, 'Club de ciencia para niñas', 'Programas extracurriculares para fomentar vocaciones científicas en niñas', 4),
(78, 3, 'Monitor de estrés laboral', 'Wearable que mide niveles de estrés y sugiere pausas activas', 2),
(79, 3, 'Red de apoyo psicológico', 'Primeros auxilios psicológicos mediante chat con profesionales', 5),
(80, 4, 'Comida para deportistas', 'Servicio de comidas preparadas según requerimientos nutricionales deportivos', 2),
(81, 4, 'Snacks saludables de insectos', 'Productos alimenticios altos en proteína a base de insectos comestibles', 3),
(82, 5, 'Ropa con diseños de artistas locales', 'Colecciones colaborativas con artistas urbanos', 4),
(83, 5, 'Moda unisex sostenible', 'Prendas básicas de alta calidad sin distinción de género', 2),
(84, 6, 'Turismo de bienestar', 'Paquetes que combinan viaje con retiros de yoga y meditación', 5),
(85, 6, 'Rutas históricas interactivas', 'Tours con realidad aumentada que reviven eventos históricos', 2),
(86, 7, 'Educación financiera para mujeres', 'Programas especializados en necesidades financieras femeninas', 3),
(87, 7, 'Comparador de seguros de salud', 'Herramienta para encontrar el mejor seguro según necesidades específicas', 4),
(88, 1, 'App para organizar protestas pacíficas', 'Herramienta para coordinar movilizaciones sociales de forma segura', 2),
(89, 1, 'Plataforma de denuncia ciudadana', 'Sistema para reportar problemas urbanos a las autoridades', 5),
(90, 2, 'Talleres de oficios tradicionales', 'Preservación de conocimientos artesanales mediante cursos prácticos', 2),
(91, 2, 'Biblioteca de juguetes educativos', 'Sistema de préstamo rotativo de juguetes didácticos', 3),
(92, 3, 'Telepsiquiatría infantil', 'Servicio especializado en salud mental para niños y adolescentes', 4),
(93, 3, 'Plataforma de segunda opinión médica', 'Conecta pacientes con especialistas para evaluar diagnósticos', 2),
(94, 4, 'Cenas temáticas internacionales', 'Kits con ingredientes y recetas para cocinar platos típicos de otros países', 5),
(95, 4, 'Alimentos para necesidades especiales', 'Línea de productos para condiciones médicas específicas', 2),
(96, 5, 'Moda para mascotas', 'Diseño de ropa y accesorios para animales domésticos', 3),
(97, 5, 'Renta de ropa para bebés', 'Servicio de alquiler de prendas para lactantes que crecen rápido', 4),
(98, 6, 'Turismo de aventura accesible', 'Experiencias extremas adaptadas para personas con discapacidad', 2),
(99, 6, 'Ecoturismo educativo', 'Viajes que combinan naturaleza con talleres de conservación', 5),
(100, 7, 'Fondo de emergencia comunitario', 'Sistema rotativo de ahorro para imprevistos entre vecinos', 2);
select * from ideas_negocio;

-- Mentorias
INSERT INTO mentorias(idea_id, mentor_id, fecha, estado) VALUES
(1, 3, '2023-01-15', 2),
(2, 4, '2023-01-20', 2),
(3, 5, '2023-02-05', 3),
(4, 6, '2023-02-10', 4),
(5, 7, '2023-02-15', 5),
(6, 8, '2023-02-20', 1),
(7, 9, '2023-03-01', 2),
(8, 10, '2023-03-05', 3),
(9, 11, '2023-03-10', 4),
(10, 12, '2023-03-15', 5),
(11, 13, '2023-03-20', 1),
(12, 14, '2023-04-01', 2),
(13, 15, '2023-04-05', 3),
(14, 16, '2023-04-10', 4),
(15, 17, '2023-04-15', 5),
(16, 18, '2023-04-20', 1),
(17, 19, '2023-05-01', 2),
(18, 20, '2023-05-05', 3),
(19, 19, '2023-05-10', 4),
(20, 20, '2023-05-15', 5),
(21, 3, '2023-05-20', 1),
(22, 4, '2023-06-01', 2),
(23, 5, '2023-06-05', 3),
(24, 6, '2023-06-10', 4),
(25, 7, '2023-06-15', 5),
(26, 8, '2023-06-20', 1),
(27, 9, '2023-07-01', 2),
(28, 10, '2023-07-05', 3),
(29, 11, '2023-07-10', 4),
(30, 12, '2023-07-15', 5),
(31, 13, '2023-07-20', 1),
(32, 14, '2023-08-01', 2),
(33, 15, '2023-08-05', 3),
(34, 16, '2023-08-10', 4),
(35, 17, '2023-08-15', 5),
(36, 18, '2023-08-20', 1),
(37, 19, '2023-09-01', 2),
(38, 20, '2023-09-05', 3),
(39, 18, '2023-09-10', 4),
(40, 20, '2023-09-15', 5),
(41, 3, '2023-09-20', 1),
(42, 4, '2023-10-01', 2),
(43, 5, '2023-10-05', 3),
(44, 6, '2023-10-10', 4),
(45, 7, '2023-10-15', 5),
(46, 8, '2023-10-20', 1),
(47, 9, '2023-11-01', 2),
(48, 10, '2023-11-05', 3),
(49, 11, '2023-11-10', 4),
(50, 12, '2023-11-15', 5),
(51, 13, '2023-11-20', 1),
(52, 14, '2023-12-01', 2),
(53, 15, '2023-12-05', 3),
(54, 16, '2023-12-10', 4),
(55, 17, '2023-12-15', 5),
(56, 18, '2023-12-20', 1),
(57, 19, '2024-01-01', 2),
(58, 20, '2024-01-05', 3),
(59, 17, '2024-01-10', 4),
(60, 19, '2024-01-15', 5),
(61, 3, '2024-01-20', 1),
(62, 4, '2024-02-01', 2),
(63, 5, '2024-02-05', 3),
(64, 6, '2024-02-10', 4),
(65, 7, '2024-02-15', 5),
(66, 8, '2024-02-20', 1),
(67, 9, '2024-03-01', 2),
(68, 10, '2024-03-05', 3),
(69, 11, '2024-03-10', 4),
(70, 12, '2024-03-15', 5),
(71, 13, '2024-03-20', 1),
(72, 14, '2024-04-01', 2),
(73, 15, '2024-04-05', 3),
(74, 16, '2024-04-10', 4),
(75, 17, '2024-04-15', 5),
(76, 18, '2024-04-20', 1),
(77, 19, '2024-05-01', 2),
(78, 20, '2024-05-05', 3),
(79, 16, '2024-05-10', 4),
(80, 17, '2024-05-15', 5),
(81, 3, '2024-05-20', 1),
(82, 4, '2024-06-01', 2),
(83, 5, '2024-06-05', 3),
(84, 6, '2024-06-10', 4),
(85, 7, '2024-06-15', 5),
(86, 8, '2024-06-20', 1),
(87, 9, '2024-07-01', 2),
(88, 10, '2024-07-05', 3),
(89, 11, '2024-07-10', 4),
(90, 12, '2024-07-15', 5),
(91, 13, '2024-07-20', 1),
(92, 14, '2024-08-01', 2),
(93, 15, '2024-08-05', 3),
(94, 16, '2024-08-10', 4),
(95, 17, '2024-08-15', 5),
(96, 18, '2024-08-20', 1),
(97, 19, '2024-09-01', 2);


-- Observaciones
INSERT INTO observaciones(mentoria_id, comentario, fecha_observacion) VALUES
(1, 'La aplicación de gestión de inventarios necesita un plan de marketing más sólido', '2023-01-16 10:30:00'),
(2, 'Recomiendo enfocar primero la plataforma de cursos en un nicho específico', '2023-01-21 11:15:00'),
(3, 'El modelo de negocio de tutorías necesita ajustes para ser sostenible', '2023-02-06 14:20:00'),
(4, 'Excelente propuesta de biblioteca digital, sugerí mejoras en UX', '2023-02-11 09:45:00'),
(5, 'El proyecto de telemedicina cumple requisitos para financiamiento', '2023-02-16 16:10:00'),
(6, 'Falta desarrollar mejor el diferencial competitivo del seguro médico', '2023-02-21 13:25:00'),
(7, 'El prototipo de comida saludable funciona bien, pulir detalles de diseño', '2023-03-02 10:50:00'),
(8, 'Sugiero estudio de mercado más profundo para supermercado local', '2023-03-06 15:30:00'),
(9, 'La propuesta de moda sostenible tiene valor claro y definido', '2023-03-11 11:40:00'),
(10, 'El equipo de alquiler de vestidos tiene capacidad de ejecución', '2023-03-16 14:15:00'),
(11, 'Priorizar funcionalidades clave para el MVP de turismo', '2023-03-21 10:20:00'),
(12, 'Ajustar costos operativos en plan financiero de rutas turísticas', '2023-04-02 12:35:00'),
(13, 'Excelente trabajo en prototipo de inversiones colectivas', '2023-04-06 16:45:00'),
(14, 'Proyecto de educación financiera con alto impacto social', '2023-04-11 09:30:00'),
(15, 'Buscar alianzas estratégicas para traductor de lenguaje de señas', '2023-04-16 14:50:00'),
(16, 'Definir mejor el buyer persona del control parental', '2023-04-21 11:25:00'),
(17, 'Tecnología innovadora y viable para intercambio de habilidades', '2023-05-02 13:40:00'),
(18, 'Realizar pruebas piloto antes de lanzar kits científicos', '2023-05-06 15:15:00'),
(19, 'Diversificar modelo de ingresos del monitor de salud mental', '2023-05-11 10:30:00'),
(20, 'Equipo de terapias alternativas con gran compromiso', '2023-05-16 14:20:00'),
(21, 'Optimizar procesos para reducir costos en huertos urbanos', '2023-05-21 11:45:00'),
(22, 'Propuesta de comida para mascotas resuelve problema real', '2023-06-02 09:50:00'),
(23, 'Enfocarse en adquisición de usuarios iniciales para ropa adaptada', '2023-06-06 16:30:00'),
(24, 'Mejorar usabilidad en diseño de accesorios reciclados', '2023-06-11 14:10:00'),
(25, 'Excelente progreso en desarrollo técnico de guías virtuales', '2023-06-16 10:25:00'),
(26, 'Definir estrategia clara de retención para alojamiento rural', '2023-06-21 13:50:00'),
(27, 'Comparador financiero con buen potencial de escalamiento', '2023-07-02 15:40:00'),
(28, 'Ajustar plan de marketing digital del planificador financiero', '2023-07-06 11:20:00'),
(29, 'Propuesta de valor única para asistente virtual PYMES', '2023-07-11 09:35:00'),
(30, 'Buscar inversionistas ángeles para identificador de plantas', '2023-07-16 14:45:00'),
(31, 'Prototipo de club de lectura cumple expectativas', '2023-07-21 10:15:00'),
(32, 'Desarrollar mejor estrategia de salida para talleres vocacionales', '2023-08-02 12:30:00'),
(33, 'Equipo de nutrición con buena complementariedad de habilidades', '2023-08-06 16:20:00'),
(34, 'Realizar análisis competitivo más detallado para red de cuidadores', '2023-08-11 14:05:00'),
(35, 'Propuesta financiera sólida para entrega de productos de granja', '2023-08-16 11:40:00'),
(36, 'Enfocarse en experiencia del usuario final para mercado sin gluten', '2023-08-21 09:55:00'),
(37, 'Calzado ecológico con potencial para fondos de incubación', '2023-09-02 15:25:00'),
(38, 'Ajustar precios de renta de ropa según sensibilidad del mercado', '2023-09-06 13:10:00'),
(39, 'Validación exitosa de hipótesis para turismo de voluntariado', '2023-09-11 10:35:00'),
(40, 'Desarrollar plan de contingencia para riesgos en rutas gastronómicas', '2023-09-16 14:50:00'),
(41, 'Modelo de micropréstamos innovador y escalable', '2023-09-21 11:15:00'),
(42, 'Definir mejor los KPI para educador financiero infantil', '2023-10-02 09:30:00'),
(43, 'Prototipo de control de gastos necesita mejoras en interfaz', '2023-10-06 16:40:00'),
(44, 'Realizar pruebas A/B para plataforma de desarrollo colaborativo', '2023-10-11 14:25:00'),
(45, 'Equipo de intercambio de idiomas con capacidad de pivotar', '2023-10-16 10:50:00'),
(46, 'Buscar alianzas con actores clave para mentoría académica', '2023-10-21 13:05:00'),
(47, 'Monitor de sueño con buen encaje en tendencias de mercado', '2023-11-02 15:15:00'),
(48, 'Optimizar costos de adquisición para farmacia virtual', '2023-11-06 11:40:00'),
(49, 'Excelente progreso en desarrollo de MVP para comida étnica', '2023-11-11 09:55:00'),
(50, 'Enfocarse en generación de ingresos recurrentes para superalimentos', '2023-11-16 14:10:00'),
(51, 'Proyecto de moda inclusiva con potencial de impacto social', '2023-11-21 10:35:00'),
(52, 'Desarrollar mejor estrategia de comunicación para accesorios solares', '2023-12-02 12:50:00'),
(53, 'Realizar estudio de viabilidad técnica para turismo accesible', '2023-12-06 16:30:00'),
(54, 'Modelo de negocio claro y bien estructurado para eco-alojamientos', '2023-12-11 14:15:00'),
(55, 'Buscar mentores especializados en criptomonedas', '2023-12-16 11:40:00'),
(56, 'Equipo de seguros electrónicos necesita fortalecer habilidades comerciales', '2023-12-21 09:55:00'),
(57, 'App contra desperdicio de comida con potencial internacional', '2024-01-02 15:25:00'),
(58, 'Ajustar plan de crecimiento a corto plazo para control de huella de carbono', '2024-01-06 13:10:00'),
(59, 'Validación exitosa del problema para talleres de habilidades blandas', '2024-01-11 10:35:00'),
(60, 'Desarrollar plan de fidelización para biblioteca de herramientas', '2024-01-16 14:50:00'),
(61, 'Prototipo de terapia online cumple requisitos funcionales básicos', '2024-01-21 11:15:00'),
(62, 'Definir mejor estrategia de precios para nutrición deportiva', '2024-02-02 09:30:00'),
(63, 'Proyecto de cenas gourmet con buen encaje en necesidades del mercado', '2024-02-06 16:40:00'),
(64, 'Realizar análisis de riesgos más detallado para helados saludables', '2024-02-11 14:25:00'),
(65, 'Equipo de ropa térmica con capacidad de ejecución y adaptación', '2024-02-16 10:50:00'),
(66, 'Buscar feedback de usuarios potenciales para joyería 3D', '2024-02-21 13:05:00'),
(67, 'Propuesta de turismo científico innovadora y viable', '2024-03-02 15:15:00'),
(68, 'Optimizar procesos operativos para experiencias astronómicas', '2024-03-06 11:40:00'),
(69, 'Excelente progreso en desarrollo de producto para asesoría fiscal', '2024-03-11 09:55:00'),
(70, 'Enfocarse en escalabilidad del modelo de ahorro colectivo', '2024-03-16 14:10:00'),
(71, 'Proyecto de app para programar con potencial de financiamiento', '2024-03-21 10:35:00'),
(72, 'Desarrollar mejor propuesta de valor para asistente de reuniones', '2024-04-02 12:50:00'),
(73, 'Realizar benchmark de competidores para intercambio de libros', '2024-04-06 16:30:00'),
(74, 'Modelo de ingresos sostenible para club de ciencia para niñas', '2024-04-11 14:15:00'),
(75, 'Buscar mentores con experiencia en monitor de estrés laboral', '2024-04-16 11:40:00'),
(76, 'Equipo de apoyo psicológico necesita fortalecer estrategia comercial', '2024-04-21 09:55:00'),
(77, 'Propuesta de comida para deportistas con alto potencial de impacto', '2024-05-02 15:25:00'),
(78, 'Ajustar plan de marketing para lanzamiento de snacks de insectos', '2024-05-06 13:10:00'),
(79, 'Definición excelente de buyer persona para ropa artística', '2024-05-11 10:35:00'),
(80, 'Planificar expansión gradual para moda unisex sostenible', '2024-05-16 14:50:00'),
(81, 'Prototipo de turismo de bienestar necesita mejoras en UX', '2024-05-21 11:15:00'),
(82, 'Definir mejor canales de distribución para rutas históricas', '2024-06-02 09:30:00'),
(83, 'Proyecto de educación financiera femenina resuelve problema real', '2024-06-06 16:40:00'),
(84, 'Realizar pruebas con usuarios reales para comparador de seguros', '2024-06-11 14:25:00'),
(85, 'Equipo de app para protestas con gran compromiso y dedicación', '2024-06-16 10:50:00'),
(86, 'Buscar alianzas estratégicas para plataforma de denuncia', '2024-06-21 13:05:00'),
(87, 'Propuesta de talleres artesanales robusta y bien planteada', '2024-07-02 15:15:00'),
(88, 'Optimizar costos de producción para biblioteca de juguetes', '2024-07-06 11:40:00'),
(89, 'Validación exitosa de mercado para telepsiquiatría infantil', '2024-07-11 09:55:00'),
(90, 'Enfocarse en retención de clientes para segunda opinión médica', '2024-07-16 14:10:00'),
(91, 'Proyecto de cenas temáticas con buen potencial de crecimiento', '2024-07-21 10:35:00'),
(92, 'Desarrollar mejor estrategia de comunicación para alimentos especiales', '2024-08-02 12:50:00'),
(93, 'Realizar análisis FODA más detallado para moda de mascotas', '2024-08-06 16:30:00'),
(94, 'Modelo de negocio innovador para ropa de bebés', '2024-08-11 14:15:00'),
(95, 'Buscar mentores con experiencia en turismo accesible', '2024-08-16 11:40:00'),
(96, 'Equipo de ecoturismo necesita fortalecer pitch de inversión', '2024-08-21 09:55:00'),
(97, 'Propuesta de fondo comunitario con alto impacto social', '2024-09-02 15:25:00');

-- Avance Fases
INSERT INTO avance_fases(idea_id, fase_id, porcentaje_avance, fecha_avance) VALUES
(1, 1, 100.00, '2023-01-05'),
(1, 2, 80.00, '2023-01-12'),
(1, 3, 30.00, '2023-01-18'),
(2, 1, 100.00, '2023-01-10'),
(2, 2, 65.00, '2023-01-17'),
(2, 3, 15.00, '2023-01-23'),
(3, 1, 100.00, '2023-01-30'),
(3, 2, 90.00, '2023-02-03'),
(3, 3, 40.00, '2023-02-08'),
(4, 1, 100.00, '2023-02-05'),
(4, 2, 100.00, '2023-02-10'),
(4, 3, 75.00, '2023-02-15'),
(5, 1, 100.00, '2023-02-10'),
(5, 2, 100.00, '2023-02-15'),
(5, 3, 100.00, '2023-02-20'),
(6, 1, 100.00, '2023-02-15'),
(6, 2, 30.00, '2023-02-20'),
(6, 3, 10.00, '2023-02-25'),
(7, 1, 100.00, '2023-02-25'),
(7, 2, 100.00, '2023-03-01'),
(7, 3, 60.00, '2023-03-06'),
(8, 1, 100.00, '2023-03-01'),
(8, 2, 70.00, '2023-03-05'),
(8, 3, 25.00, '2023-03-10'),
(9, 1, 100.00, '2023-03-05'),
(9, 2, 100.00, '2023-03-10'),
(9, 3, 90.00, '2023-03-15'),
(10, 1, 100.00, '2023-03-10'),
(10, 2, 100.00, '2023-03-15'),
(10, 3, 50.00, '2023-03-20'),
(11, 1, 100.00, '2023-03-15'),
(11, 2, 20.00, '2023-03-20'),
(11, 3, 5.00, '2023-03-25'),
(12, 1, 100.00, '2023-03-25'),
(12, 2, 100.00, '2023-04-01'),
(12, 3, 30.00, '2023-04-05'),
(13, 1, 100.00, '2023-04-01'),
(13, 2, 80.00, '2023-04-05'),
(13, 3, 45.00, '2023-04-10'),
(14, 1, 100.00, '2023-04-05'),
(14, 2, 100.00, '2023-04-10'),
(14, 3, 70.00, '2023-04-15'),
(15, 1, 100.00, '2023-04-10'),
(15, 2, 100.00, '2023-04-15'),
(15, 3, 85.00, '2023-04-20'),
(16, 1, 100.00, '2023-04-15'),
(16, 2, 45.00, '2023-04-20'),
(16, 3, 20.00, '2023-04-25'),
(17, 1, 100.00, '2023-04-25'),
(17, 2, 100.00, '2023-05-01'),
(17, 3, 85.00, '2023-05-06'),
(18, 1, 100.00, '2023-05-01'),
(18, 2, 65.00, '2023-05-05'),
(18, 3, 30.00, '2023-05-10'),
(19, 1, 100.00, '2023-05-05'),
(19, 2, 100.00, '2023-05-10'),
(19, 3, 95.00, '2023-05-15'),
(20, 1, 100.00, '2023-05-10'),
(20, 2, 100.00, '2023-05-15'),
(20, 3, 75.00, '2023-05-20'),
(21, 1, 100.00, '2023-05-15'),
(21, 2, 35.00, '2023-05-20'),
(21, 3, 10.00, '2023-05-25'),
(22, 1, 100.00, '2023-05-25'),
(22, 2, 100.00, '2023-06-01'),
(22, 3, 55.00, '2023-06-05'),
(23, 1, 100.00, '2023-06-01'),
(23, 2, 90.00, '2023-06-05'),
(23, 3, 60.00, '2023-06-10'),
(24, 1, 100.00, '2023-06-05'),
(24, 2, 100.00, '2023-06-10'),
(24, 3, 80.00, '2023-06-15'),
(25, 1, 100.00, '2023-06-10'),
(25, 2, 100.00, '2023-06-15'),
(25, 3, 60.00, '2023-06-20'),
(26, 1, 100.00, '2023-06-15'),
(26, 2, 50.00, '2023-06-20'),
(26, 3, 20.00, '2023-06-25'),
(27, 1, 100.00, '2023-06-25'),
(27, 2, 100.00, '2023-07-01'),
(27, 3, 40.00, '2023-07-05'),
(28, 1, 100.00, '2023-07-01'),
(28, 2, 75.00, '2023-07-05'),
(28, 3, 35.00, '2023-07-10'),
(29, 1, 100.00, '2023-07-05'),
(29, 2, 100.00, '2023-07-10'),
(29, 3, 90.00, '2023-07-15'),
(30, 1, 100.00, '2023-07-10'),
(30, 2, 100.00, '2023-07-15'),
(30, 3, 85.00, '2023-07-20'),
(31, 1, 100.00, '2023-07-15'),
(31, 2, 30.00, '2023-07-20'),
(31, 3, 10.00, '2023-07-25'),
(32, 1, 100.00, '2023-07-25'),
(32, 2, 100.00, '2023-08-01'),
(32, 3, 70.00, '2023-08-05'),
(33, 1, 100.00, '2023-08-01'),
(33, 2, 85.00, '2023-08-05'),
(33, 3, 50.00, '2023-08-10'),
(34, 1, 100.00, '2023-08-05'),
(34, 2, 100.00, '2023-08-10'),
(34, 3, 95.00, '2023-08-15'),
(35, 1, 100.00, '2023-08-10'),
(35, 2, 100.00, '2023-08-15'),
(35, 3, 55.00, '2023-08-20'),
(36, 1, 100.00, '2023-08-15'),
(36, 2, 40.00, '2023-08-20'),
(36, 3, 15.00, '2023-08-25'),
(37, 1, 100.00, '2023-08-25'),
(37, 2, 100.00, '2023-09-01'),
(37, 3, 65.00, '2023-09-05'),
(38, 1, 100.00, '2023-09-01'),
(38, 2, 95.00, '2023-09-05'),
(38, 3, 70.00, '2023-09-10'),
(39, 1, 100.00, '2023-09-05'),
(39, 2, 100.00, '2023-09-10'),
(39, 3, 80.00, '2023-09-15'),
(40, 1, 100.00, '2023-09-10'),
(40, 2, 100.00, '2023-09-15'),
(40, 3, 70.00, '2023-09-20'),
(41, 1, 100.00, '2023-09-15'),
(41, 2, 45.00, '2023-09-20'),
(41, 3, 20.00, '2023-09-25'),
(42, 1, 100.00, '2023-09-25'),
(42, 2, 100.00, '2023-10-01'),
(42, 3, 50.00, '2023-10-05'),
(43, 1, 100.00, '2023-10-01'),
(43, 2, 80.00, '2023-10-05'),
(43, 3, 45.00, '2023-10-10'),
(44, 1, 100.00, '2023-10-05'),
(44, 2, 100.00, '2023-10-10'),
(44, 3, 90.00, '2023-10-15'),
(45, 1, 100.00, '2023-10-10'),
(45, 2, 100.00, '2023-10-15'),
(45, 3, 85.00, '2023-10-20'),
(46, 1, 100.00, '2023-10-15'),
(46, 2, 35.00, '2023-10-20'),
(46, 3, 10.00, '2023-10-25'),
(47, 1, 100.00, '2023-10-25'),
(47, 2, 100.00, '2023-11-01'),
(47, 3, 75.00, '2023-11-05'),
(48, 1, 100.00, '2023-11-01'),
(48, 2, 90.00, '2023-11-05'),
(48, 3, 60.00, '2023-11-10'),
(49, 1, 100.00, '2023-11-05'),
(49, 2, 100.00, '2023-11-10'),
(49, 3, 95.00, '2023-11-15'),
(50, 1, 100.00, '2023-11-10'),
(50, 2, 100.00, '2023-11-15'),
(50, 3, 60.00, '2023-11-20'),
(51, 1, 100.00, '2023-11-15'),
(51, 2, 30.00, '2023-11-20'),
(51, 3, 10.00, '2023-11-25'),
(52, 1, 100.00, '2023-11-25'),
(52, 2, 100.00, '2023-12-01'),
(52, 3, 70.00, '2023-12-05'),
(53, 1, 100.00, '2023-12-01'),
(53, 2, 85.00, '2023-12-05'),
(53, 3, 50.00, '2023-12-10'),
(54, 1, 100.00, '2023-12-05'),
(54, 2, 100.00, '2023-12-10'),
(54, 3, 95.00, '2023-12-15'),
(55, 1, 100.00, '2023-12-10'),
(55, 2, 100.00, '2023-12-15'),
(55, 3, 55.00, '2023-12-20'),
(56, 1, 100.00, '2023-12-15'),
(56, 2, 40.00, '2023-12-20'),
(56, 3, 15.00, '2023-12-25'),
(57, 1, 100.00, '2023-12-25'),
(57, 2, 100.00, '2024-01-01'),
(57, 3, 65.00, '2024-01-05'),
(58, 1, 100.00, '2024-01-01'),
(58, 2, 95.00, '2024-01-05'),
(58, 3, 70.00, '2024-01-10'),
(59, 1, 100.00, '2024-01-05'),
(59, 2, 100.00, '2024-01-10'),
(59, 3, 80.00, '2024-01-15'),
(60, 1, 100.00, '2024-01-10'),
(60, 2, 100.00, '2024-01-15'),
(60, 3, 70.00, '2024-01-20'),
(61, 1, 100.00, '2024-01-15'),
(61, 2, 45.00, '2024-01-20'),
(61, 3, 20.00, '2024-01-25'),
(62, 1, 100.00, '2024-01-25'),
(62, 2, 100.00, '2024-02-01'),
(62, 3, 50.00, '2024-02-05'),
(63, 1, 100.00, '2024-02-01'),
(63, 2, 80.00, '2024-02-05'),
(63, 3, 45.00, '2024-02-10'),
(64, 1, 100.00, '2024-02-05'),
(64, 2, 100.00, '2024-02-10'),
(64, 3, 90.00, '2024-02-15'),
(65, 1, 100.00, '2024-02-10'),
(65, 2, 100.00, '2024-02-15'),
(65, 3, 85.00, '2024-02-20'),
(66, 1, 100.00, '2024-02-15'),
(66, 2, 35.00, '2024-02-20'),
(66, 3, 10.00, '2024-02-25'),
(67, 1, 100.00, '2024-02-25'),
(67, 2, 100.00, '2024-03-01'),
(67, 3, 75.00, '2024-03-05'),
(68, 1, 100.00, '2024-03-01'),
(68, 2, 90.00, '2024-03-05'),
(68, 3, 60.00, '2024-03-10'),
(69, 1, 100.00, '2024-03-05'),
(69, 2, 100.00, '2024-03-10'),
(69, 3, 95.00, '2024-03-15'),
(70, 1, 100.00, '2024-03-10'),
(70, 2, 100.00, '2024-03-15'),
(70, 3, 55.00, '2024-03-20'),
(71, 1, 100.00, '2024-03-15'),
(71, 2, 40.00, '2024-03-20'),
(71, 3, 15.00, '2024-03-25'),
(72, 1, 100.00, '2024-03-25'),
(72, 2, 100.00, '2024-04-01'),
(72, 3, 65.00, '2024-04-05'),
(73, 1, 100.00, '2024-04-01'),
(73, 2, 95.00, '2024-04-05'),
(73, 3, 70.00, '2024-04-10'),
(74, 1, 100.00, '2024-04-05'),
(74, 2, 100.00, '2024-04-10'),
(74, 3, 80.00, '2024-04-15'),
(75, 1, 100.00, '2024-04-10'),
(75, 2, 100.00, '2024-04-15'),
(75, 3, 70.00, '2024-04-20'),
(76, 1, 100.00, '2024-04-15'),
(76, 2, 45.00, '2024-04-20'),
(76, 3, 20.00, '2024-04-25'),
(77, 1, 100.00, '2024-04-25'),
(77, 2, 100.00, '2024-05-01'),
(77, 3, 50.00, '2024-05-05'),
(78, 1, 100.00, '2024-05-01'),
(78, 2, 80.00, '2024-05-05'),
(78, 3, 45.00, '2024-05-10'),
(79, 1, 100.00, '2024-05-05'),
(79, 2, 100.00, '2024-05-10'),
(79, 3, 90.00, '2024-05-15'),
(80, 1, 100.00, '2024-05-10'),
(80, 2, 100.00, '2024-05-15'),
(80, 3, 85.00, '2024-05-20'),
(81, 1, 100.00, '2024-05-15'),
(81, 2, 35.00, '2024-05-20'),
(81, 3, 10.00, '2024-05-25'),
(82, 1, 100.00, '2024-05-25'),
(82, 2, 100.00, '2024-06-01'),
(82, 3, 75.00, '2024-06-05'),
(83, 1, 100.00, '2024-06-01'),
(83, 2, 90.00, '2024-06-05'),
(83, 3, 60.00, '2024-06-10'),
(84, 1, 100.00, '2024-06-05'),
(84, 2, 100.00, '2024-06-10'),
(84, 3, 95.00, '2024-06-15'),
(85, 1, 100.00, '2024-06-10'),
(85, 2, 100.00, '2024-06-15'),
(85, 3, 55.00, '2024-06-20'),
(86, 1, 100.00, '2024-06-15'),
(86, 2, 40.00, '2024-06-20'),
(86, 3, 15.00, '2024-06-25'),
(87, 1, 100.00, '2024-06-25'),
(87, 2, 100.00, '2024-07-01'),
(87, 3, 65.00, '2024-07-05'),
(88, 1, 100.00, '2024-07-01'),
(88, 2, 95.00, '2024-07-05'),
(88, 3, 70.00, '2024-07-10'),
(89, 1, 100.00, '2024-07-05'),
(89, 2, 100.00, '2024-07-10'),
(89, 3, 80.00, '2024-07-15'),
(90, 1, 100.00, '2024-07-10'),
(90, 2, 100.00, '2024-07-15'),
(90, 3, 70.00, '2024-07-20'),
(91, 1, 100.00, '2024-07-15'),
(91, 2, 45.00, '2024-07-20'),
(91, 3, 20.00, '2024-07-25'),
(92, 1, 100.00, '2024-07-25'),
(92, 2, 100.00, '2024-08-01'),
(92, 3, 50.00, '2024-08-05'),
(93, 1, 100.00, '2024-08-01'),
(93, 2, 80.00, '2024-08-05'),
(93, 3, 45.00, '2024-08-10'),
(94, 1, 100.00, '2024-08-05'),
(94, 2, 100.00, '2024-08-10'),
(94, 3, 90.00, '2024-08-15'),
(95, 1, 100.00, '2024-08-10'),
(95, 2, 100.00, '2024-08-15'),
(95, 3, 85.00, '2024-08-20'),
(96, 1, 100.00, '2024-08-15'),
(96, 2, 35.00, '2024-08-20'),
(96, 3, 10.00, '2024-08-25'),
(97, 1, 100.00, '2024-08-25'),
(97, 2, 100.00, '2024-09-01'),
(97, 3, 75.00, '2024-09-05');


-- Estadísticas de Idea
INSERT INTO estadisticas_idea(avance_fase_id, mentoria_id) VALUES
-- Relaciona el ÚLTIMO avance de cada idea (fase 3) con su mentoría correspondiente
(3, 1),    -- Idea 1 (avance_fase_id=3 → fase 3)
(6, 2),    -- Idea 2 (avance_fase_id=6)
(9, 3),    -- Idea 3
(12, 4),   -- Idea 4
(15, 5),   -- Idea 5
(18, 6),   -- Idea 6
(21, 7),   -- Idea 7
(24, 8),   -- Idea 8
(27, 9),   -- Idea 9
(30, 10),  -- Idea 10
(33, 11),  -- Idea 11
(36, 12),  -- Idea 12
(39, 13),  -- Idea 13
(42, 14),  -- Idea 14
(45, 15),  -- Idea 15
(48, 16),  -- Idea 16
(51, 17),  -- Idea 17
(54, 18),  -- Idea 18
(57, 19),  -- Idea 19
(60, 20),  -- Idea 20
(63, 21),  -- Idea 21
(66, 22),  -- Idea 22
(69, 23),  -- Idea 23
(72, 24),  -- Idea 24
(75, 25),  -- Idea 25
(78, 26),  -- Idea 26
(81, 27),  -- Idea 27
(84, 28),  -- Idea 28
(87, 29),  -- Idea 29
(90, 30),  -- Idea 30
(93, 31),  -- Idea 31
(96, 32),  -- Idea 32
(99, 33),  -- Idea 33
(102, 34), -- Idea 34
(105, 35), -- Idea 35
(108, 36), -- Idea 36
(111, 37), -- Idea 37
(114, 38), -- Idea 38
(117, 39), -- Idea 39
(120, 40), -- Idea 40
(123, 41), -- Idea 41
(126, 42), -- Idea 42
(129, 43), -- Idea 43
(132, 44), -- Idea 44
(135, 45), -- Idea 45
(138, 46), -- Idea 46
(141, 47), -- Idea 47
(144, 48), -- Idea 48
(147, 49), -- Idea 49
(150, 50), -- Idea 50
(153, 51), -- Idea 51
(156, 52), -- Idea 52
(159, 53), -- Idea 53
(162, 54), -- Idea 54
(165, 55), -- Idea 55
(168, 56), -- Idea 56
(171, 57), -- Idea 57
(174, 58), -- Idea 58
(177, 59), -- Idea 59
(180, 60), -- Idea 60
(183, 61), -- Idea 61
(186, 62), -- Idea 62
(189, 63), -- Idea 63
(192, 64), -- Idea 64
(195, 65), -- Idea 65
(198, 66), -- Idea 66
(201, 67), -- Idea 67
(204, 68), -- Idea 68
(207, 69), -- Idea 69
(210, 70), -- Idea 70
(213, 71), -- Idea 71
(216, 72), -- Idea 72
(219, 73), -- Idea 73
(222, 74), -- Idea 74
(225, 75), -- Idea 75
(228, 76), -- Idea 76
(231, 77), -- Idea 77
(234, 78), -- Idea 78
(237, 79), -- Idea 79
(240, 80), -- Idea 80
(243, 81), -- Idea 81
(246, 82), -- Idea 82
(249, 83), -- Idea 83
(252, 84), -- Idea 84
(255, 85), -- Idea 85
(258, 86), -- Idea 86
(261, 87), -- Idea 87
(264, 88), -- Idea 88
(267, 89), -- Idea 89
(270, 90), -- Idea 90
(273, 91), -- Idea 91
(276, 92), -- Idea 92
(279, 93), -- Idea 93
(282, 94), -- Idea 94
(285, 95), -- Idea 95
(288, 96), -- Idea 96
(291, 97);

-- Resultados
INSERT INTO resultados(usuario_id, estadisticas_id) VALUES
-- Relaciona al creador de cada idea (usuario_id = idea_id + 3) con sus estadísticas
(4, 1),    -- Idea 1 → usuario_id=4
(5, 2),    -- Idea 2 → usuario_id=5
(6, 3),    -- Idea 3 → usuario_id=6
(7, 4),    -- Idea 4
(8, 5),    -- Idea 5
(9, 6),    -- Idea 6
(10, 7),   -- Idea 7
(11, 8),   -- Idea 8
(12, 9),   -- Idea 9
(13, 10),  -- Idea 10
(14, 11),  -- Idea 11
(15, 12),  -- Idea 12
(16, 13),  -- Idea 13
(17, 14),  -- Idea 14
(18, 15),  -- Idea 15
(19, 16),  -- Idea 16
(20, 17),  -- Idea 17
(21, 18),  -- Idea 18
(22, 19),  -- Idea 19
(23, 20),  -- Idea 20
(24, 21),  -- Idea 21
(25, 22),  -- Idea 22
(26, 23),  -- Idea 23
(27, 24),  -- Idea 24
(28, 25),  -- Idea 25
(29, 26),  -- Idea 26
(30, 27),  -- Idea 27
(31, 28),  -- Idea 28
(32, 29),  -- Idea 29
(33, 30),  -- Idea 30
(34, 31),  -- Idea 31
(35, 32),  -- Idea 32
(36, 33),  -- Idea 33
(37, 34),  -- Idea 34
(38, 35),  -- Idea 35
(39, 36),  -- Idea 36
(40, 37),  -- Idea 37
(41, 38),  -- Idea 38
(42, 39),  -- Idea 39
(43, 40),  -- Idea 40
(44, 41),  -- Idea 41
(45, 42),  -- Idea 42
(46, 43),  -- Idea 43
(47, 44),  -- Idea 44
(48, 45),  -- Idea 45
(49, 46),  -- Idea 46
(50, 47),  -- Idea 47
(51, 48),  -- Idea 48
(52, 49),  -- Idea 49
(53, 50),  -- Idea 50
(54, 51),  -- Idea 51
(55, 52),  -- Idea 52
(56, 53),  -- Idea 53
(57, 54),  -- Idea 54
(58, 55),  -- Idea 55
(59, 56),  -- Idea 56
(60, 57),  -- Idea 57
(61, 58),  -- Idea 58
(62, 59),  -- Idea 59
(63, 60),  -- Idea 60
(64, 61),  -- Idea 61
(65, 62),  -- Idea 62
(66, 63),  -- Idea 63
(67, 64),  -- Idea 64
(68, 65),  -- Idea 65
(69, 66),  -- Idea 66
(70, 67),  -- Idea 67
(71, 68),  -- Idea 68
(72, 69),  -- Idea 69
(73, 70),  -- Idea 70
(74, 71),  -- Idea 71
(75, 72),  -- Idea 72
(76, 73),  -- Idea 73
(77, 74),  -- Idea 74
(78, 75),  -- Idea 75
(79, 76),  -- Idea 76
(80, 77),  -- Idea 77
(81, 78),  -- Idea 78
(82, 79),  -- Idea 79
(83, 80),  -- Idea 80
(84, 81),  -- Idea 81
(85, 82),  -- Idea 82
(86, 83),  -- Idea 83
(87, 84),  -- Idea 84
(88, 85),  -- Idea 85
(89, 86),  -- Idea 86
(90, 87),  -- Idea 87
(91, 88),  -- Idea 88
(92, 89),  -- Idea 89
(93, 90),  -- Idea 90
(94, 91),  -- Idea 91
(95, 92),  -- Idea 92
(96, 93),  -- Idea 93
(97, 94),  -- Idea 94
(98, 95),  -- Idea 95
(99, 96),  -- Idea 96
(100, 97); -- Idea 97

-- Reportes
INSERT INTO reportes(fecha, resultado_id) VALUES
-- Fechas posteriores al último avance de cada idea (fase 3)
('2023-01-20 10:00:00', 1),   -- Idea 1 (fase 3: 2023-01-18)
('2023-01-25 11:30:00', 2),   -- Idea 2 (fase 3: 2023-01-23)
('2023-02-10 09:15:00', 3),   -- Idea 3 (fase 3: 2023-02-08)
('2023-02-15 14:20:00', 4),   -- Idea 4
('2023-02-20 16:45:00', 5),   -- Idea 5
('2023-02-25 10:30:00', 6),   -- Idea 6
('2023-03-08 11:15:00', 7),   -- Idea 7
('2023-03-12 13:20:00', 8),   -- Idea 8
('2023-03-17 15:45:00', 9),   -- Idea 9
('2023-03-22 09:30:00', 10),  -- Idea 10
('2023-03-27 10:15:00', 11),  -- Idea 11
('2023-04-07 12:20:00', 12),  -- Idea 12
('2023-04-12 14:45:00', 13),  -- Idea 13
('2023-04-17 08:30:00', 14),  -- Idea 14
('2023-04-22 09:15:00', 15),  -- Idea 15
('2023-04-27 11:20:00', 16),  -- Idea 16
('2023-05-08 13:45:00', 17),  -- Idea 17
('2023-05-12 10:30:00', 18),  -- Idea 18
('2023-05-17 11:15:00', 19),  -- Idea 19
('2023-05-22 13:20:00', 20),  -- Idea 20
('2023-05-27 15:45:00', 21),  -- Idea 21
('2023-06-07 09:30:00', 22),  -- Idea 22
('2023-06-12 10:15:00', 23),  -- Idea 23
('2023-06-17 12:20:00', 24),  -- Idea 24
('2023-06-22 14:45:00', 25),  -- Idea 25
('2023-06-27 08:30:00', 26),  -- Idea 26
('2023-07-07 09:15:00', 27),  -- Idea 27
('2023-07-12 11:20:00', 28),  -- Idea 28
('2023-07-17 13:45:00', 29),  -- Idea 29
('2023-07-22 10:30:00', 30),  -- Idea 30
('2023-07-27 11:15:00', 31),  -- Idea 31
('2023-08-07 13:20:00', 32),  -- Idea 32
('2023-08-12 15:45:00', 33),  -- Idea 33
('2023-08-17 09:30:00', 34),  -- Idea 34
('2023-08-22 10:15:00', 35),  -- Idea 35
('2023-08-27 12:20:00', 36),  -- Idea 36
('2023-09-07 14:45:00', 37),  -- Idea 37
('2023-09-12 08:30:00', 38),  -- Idea 38
('2023-09-17 09:15:00', 39),  -- Idea 39
('2023-09-22 11:20:00', 40),  -- Idea 40
('2023-09-27 13:45:00', 41),  -- Idea 41
('2023-10-08 10:30:00', 42),  -- Idea 42
('2023-10-13 11:15:00', 43),  -- Idea 43
('2023-10-18 13:20:00', 44),  -- Idea 44
('2023-10-23 15:45:00', 45),  -- Idea 45
('2023-10-28 09:30:00', 46),  -- Idea 46
('2023-11-08 10:15:00', 47),  -- Idea 47
('2023-11-13 12:20:00', 48),  -- Idea 48
('2023-11-18 14:45:00', 49),  -- Idea 49
('2023-11-23 08:30:00', 50),  -- Idea 50
('2023-11-28 09:15:00', 51),  -- Idea 51
('2023-12-08 11:20:00', 52),  -- Idea 52
('2023-12-13 13:45:00', 53),  -- Idea 53
('2023-12-18 10:30:00', 54),  -- Idea 54
('2023-12-23 11:15:00', 55),  -- Idea 55
('2023-12-28 13:20:00', 56),  -- Idea 56
('2024-01-08 15:45:00', 57),  -- Idea 57
('2024-01-13 09:30:00', 58),  -- Idea 58
('2024-01-18 10:15:00', 59),  -- Idea 59
('2024-01-23 12:20:00', 60),  -- Idea 60
('2024-01-28 14:45:00', 61),  -- Idea 61
('2024-02-08 08:30:00', 62),  -- Idea 62
('2024-02-13 09:15:00', 63),  -- Idea 63
('2024-02-18 11:20:00', 64),  -- Idea 64
('2024-02-23 13:45:00', 65),  -- Idea 65
('2024-02-28 10:30:00', 66),  -- Idea 66
('2024-03-08 11:15:00', 67),  -- Idea 67
('2024-03-13 13:20:00', 68),  -- Idea 68
('2024-03-18 15:45:00', 69),  -- Idea 69
('2024-03-23 09:30:00', 70),  -- Idea 70
('2024-03-28 10:15:00', 71),  -- Idea 71
('2024-04-08 12:20:00', 72),  -- Idea 72
('2024-04-13 14:45:00', 73),  -- Idea 73
('2024-04-18 08:30:00', 74),  -- Idea 74
('2024-04-23 09:15:00', 75),  -- Idea 75
('2024-04-28 11:20:00', 76),  -- Idea 76
('2024-05-08 13:45:00', 77),  -- Idea 77
('2024-05-13 10:30:00', 78),  -- Idea 78
('2024-05-18 11:15:00', 79),  -- Idea 79
('2024-05-23 13:20:00', 80),  -- Idea 80
('2024-05-28 15:45:00', 81),  -- Idea 81
('2024-06-08 09:30:00', 82),  -- Idea 82
('2024-06-13 10:15:00', 83),  -- Idea 83
('2024-06-18 12:20:00', 84),  -- Idea 84
('2024-06-23 14:45:00', 85),  -- Idea 85
('2024-06-28 08:30:00', 86),  -- Idea 86
('2024-07-08 09:15:00', 87),  -- Idea 87
('2024-07-13 11:20:00', 88),  -- Idea 88
('2024-07-18 13:45:00', 89),  -- Idea 89
('2024-07-23 10:30:00', 90),  -- Idea 90
('2024-07-28 11:15:00', 91),  -- Idea 91
('2024-08-08 13:20:00', 92),  -- Idea 92
('2024-08-13 15:45:00', 93),  -- Idea 93
('2024-08-18 09:30:00', 94),  -- Idea 94
('2024-08-23 10:15:00', 95),  -- Idea 95
('2024-08-28 12:20:00', 96),  -- Idea 96
('2024-09-08 14:45:00', 97);  -- Idea 97

-- Generación de datos aleatorios
-- ------------------------------------------------------------
-- 1. PERSONAS (300 registros adicionales)
-- ------------------------------------------------------------
select * from personas;
INSERT INTO personas(nombres, apellidos, correo, telefono, direccion)
SELECT
  'María Fernanda',
  'García López',
  'maria.garcia' || gs || '@mail.com',
  '0987' || lpad((100000 + gs)::text, 6, '0'),
  CASE (random()*20)::int % 20
    WHEN 0 THEN 'La Floresta'
    WHEN 1 THEN 'Cumbayá'
    WHEN 2 THEN 'Tumbaco'
    WHEN 3 THEN 'Valle de los Chillos'
    WHEN 4 THEN 'Quitumbe'
    WHEN 5 THEN 'Solanda'
    WHEN 6 THEN 'Calderón'
    WHEN 7 THEN 'Carapungo'
    WHEN 8 THEN 'Conocoto'
    WHEN 9 THEN 'La Ronda'
    WHEN 10 THEN 'La Mariscal'
    WHEN 11 THEN 'La Carolina'
    WHEN 12 THEN 'Iñaquito'
    WHEN 13 THEN 'Gonzales Suarez'
    WHEN 14 THEN 'La Alameda'
    WHEN 15 THEN 'La Pradera'
    WHEN 16 THEN 'Bellavista'
    WHEN 17 THEN 'San Juan'
    WHEN 18 THEN 'San Sebastián'
    WHEN 19 THEN 'San Blas'
  END
FROM generate_series(116, 400) AS gs;

INSERT INTO personas(nombres, apellidos, correo, telefono, direccion)
SELECT
  'Fernando Juan',
  'López Torres',
  'fernando.lopez' || gs || '@gmail.com',
  '0987' || lpad((100000 + gs)::text, 6, '0'),
  CASE (random()*20)::int % 20
    WHEN 0 THEN 'La Floresta'
    WHEN 1 THEN 'Cumbayá'
    WHEN 2 THEN 'Tumbaco'
    WHEN 3 THEN 'Valle de los Chillos'
    WHEN 4 THEN 'Quitumbe'
    WHEN 5 THEN 'Solanda'
    WHEN 6 THEN 'Calderón'
    WHEN 7 THEN 'Carapungo'
    WHEN 8 THEN 'Conocoto'
    WHEN 9 THEN 'La Ronda'
    WHEN 10 THEN 'La Mariscal'
    WHEN 11 THEN 'La Carolina'
    WHEN 12 THEN 'Iñaquito'
    WHEN 13 THEN 'Gonzales Suarez'
    WHEN 14 THEN 'La Alameda'
    WHEN 15 THEN 'La Pradera'
    WHEN 16 THEN 'Bellavista'
    WHEN 17 THEN 'San Juan'
    WHEN 18 THEN 'San Sebastián'
    WHEN 19 THEN 'San Blas'
  END
FROM generate_series(400, 800) AS gs;

-- ------------------------------------------------------------
-- 2. USUARIOS (300 registros adicionales)
-- ------------------------------------------------------------
select * from usuarios;
DELETE FROM usuarios WHERE id > 401;
SELECT setval('usuarios_id_seq', 401, true);

INSERT INTO usuarios(persona_id, contraseña, tipo_usuario)
SELECT 
  generate_series(400,801), 
  'user'||generate_series(400,801)||'pass',
  CASE 
    WHEN random() > 0.7 THEN 'administrador'::tipo_usuario_enum
    WHEN random() > 0.4 THEN 'mentor'::tipo_usuario_enum
    ELSE 'emprendedor'::tipo_usuario_enum
  END;

-- ------------------------------------------------------------
-- 3. MENTORES (300 registros adicionales)
-- ------------------------------------------------------------
select * from mentores;
INSERT INTO mentores(persona_id, especialidad)
SELECT 
  gs,
  CASE (random()*25)::int % 25
    WHEN 0 THEN 'Desarrollo de Software'
    WHEN 1 THEN 'Marketing Digital'
    WHEN 2 THEN 'Finanzas Empresariales'
    WHEN 3 THEN 'Diseño de Productos'
    WHEN 4 THEN 'Gestión de Proyectos'
    WHEN 5 THEN 'Inteligencia Artificial'
    WHEN 6 THEN 'Blockchain'
    WHEN 7 THEN 'Comercio Electrónico'
    WHEN 8 THEN 'Branding'
    WHEN 9 THEN 'Analítica de Datos'
    WHEN 10 THEN 'Diseño UX/UI'
    WHEN 11 THEN 'Desarrollo Mobile'
    WHEN 12 THEN 'Cloud Computing'
    WHEN 13 THEN 'Ciberseguridad'
    WHEN 14 THEN 'Redes Sociales'
    WHEN 15 THEN 'Logística'
    WHEN 16 THEN 'Recursos Humanos'
    WHEN 17 THEN 'Legislación Empresarial'
    WHEN 18 THEN 'Innovación Tecnológica'
    WHEN 19 THEN 'Realidad Virtual'
    WHEN 20 THEN 'Big Data'
    WHEN 21 THEN 'Machine Learning'
    WHEN 22 THEN 'Internet de las Cosas'
    WHEN 23 THEN 'Automatización'
    WHEN 24 THEN 'Computación Cuántica'
  END
FROM generate_series(97,801) AS gs
WHERE gs % 3 = 0; -- Sólo 1/3 serán mentores

-- ------------------------------------------------------------
-- 4. IDEAS DE NEGOCIO (300 registros adicionales)
-- ------------------------------------------------------------
select * from ideas_negocio;
INSERT INTO ideas_negocio(usuario_id, categoria_id, titulo, descripcion, estado)
SELECT 
  gs,
  (random()*6 + 1)::int,
  'Idea de negocio ' || gs,
  'Descripción detallada del proyecto ' || gs || '. Este proyecto innovador busca resolver problemas en su área mediante tecnología y creatividad.',
  (random()*4 + 1)::int
FROM generate_series(97,803) AS gs;

-- ------------------------------------------------------------
-- 5. MENTORÍAS (300 registros adicionales)
-- ------------------------------------------------------------
select * from mentorias;
INSERT INTO mentorias(idea_id, mentor_id, fecha, estado)
SELECT 
  gs,  -- id de la idea
  (SELECT id FROM mentores ORDER BY random() LIMIT 1),  -- id correcto del mentor
  CURRENT_DATE - (random() * 365)::int * INTERVAL '1 day',
  (random() * 4 + 1)::int
FROM generate_series(98, 799) AS gs;

-- ------------------------------------------------------------
-- 6. OBSERVACIONES (300 registros adicionales)
-- ------------------------------------------------------------
select * from observaciones;

INSERT INTO observaciones(mentoria_id, comentario, fecha_observacion)
SELECT 
  gs,
  'Observación para la mentoría ' || gs || ': ' ||
  CASE (random()*10)::int % 10
    WHEN 0 THEN 'Excelente progreso en el desarrollo del MVP'
    WHEN 1 THEN 'Necesita ajustar el modelo de ingresos'
    WHEN 2 THEN 'Validación exitosa del problema con usuarios'
    WHEN 3 THEN 'Recomiendo enfocarse en un nicho específico'
    WHEN 4 THEN 'El prototipo cumple con los requisitos básicos'
    WHEN 5 THEN 'Falta desarrollar mejor el diferencial competitivo'
    WHEN 6 THEN 'El diseño de UX necesita mejoras'
    WHEN 7 THEN 'Sugiero un estudio de mercado más profundo'
    WHEN 8 THEN 'La propuesta tiene un valor claro y definido'
    WHEN 9 THEN 'El equipo demuestra capacidad de ejecución'
  END,
  CURRENT_DATE - (random() * 30)::int * INTERVAL '1 day'
FROM generate_series(98,800) AS gs;

-- ------------------------------------------------------------
-- 7. AVANCE FASES (300 registros adicionales - 100 ideas con 3 fases cada una)
-- ------------------------------------------------------------
select * from avance_fases;

INSERT INTO avance_fases(idea_id, fase_id, porcentaje_avance, fecha_avance)
SELECT 
  97 + ((gs - 1) / 3)::int,
  ((gs - 1) % 3) + 1,           -- fases 1, 2 y 3
  CASE 
    WHEN ((gs - 1) % 3) = 0 THEN 100.00
    WHEN ((gs - 1) % 3) = 1 THEN (random()*30 + 70)::numeric(5,2)
    ELSE (random()*50)::numeric(5,2)
  END,
  CURRENT_DATE - ((900 - gs) * INTERVAL '1 day')
FROM generate_series(1, 300) AS gs;  -- 300 filas = 100 ideas x 3 fases

------

INSERT INTO avance_fases(idea_id, fase_id, porcentaje_avance, fecha_avance)
SELECT 
  196 + ((gs - 1) / 3)::int,    
  ((gs - 1) % 3) + 1,           -- fases 1, 2 y 3
  CASE 
    WHEN ((gs - 1) % 3) = 0 THEN 100.00
    WHEN ((gs - 1) % 3) = 1 THEN (random()*30 + 70)::numeric(5,2)
    ELSE (random()*50)::numeric(5,2)
  END,
  CURRENT_DATE - ((900 - gs) * INTERVAL '1 day')
FROM generate_series(196, 799) AS gs; 
select * from avance_fases;
-- ------------------------------------------------------------
-- 8. ESTADÍSTICAS IDEA 
-- ------------------------------------------------------------
select * from estadisticas_idea;
select * from mentorias;

INSERT INTO estadisticas_idea(avance_fase_id, mentoria_id)
SELECT 
  avance_id,
  mentoria_id
FROM generate_series(292, 1000) AS avance_id
JOIN generate_series(396, 800) AS mentoria_id 
ON avance_id - 291 = mentoria_id - 97;


-- ------------------------------------------------------------
-- 9. RESULTADOS (300 registros adicionales)
-- ------------------------------------------------------------
select * from resultados;

INSERT INTO resultados(usuario_id, estadisticas_id)
SELECT 
  gs,
  gs
FROM generate_series(102,801) AS gs;

-- ------------------------------------------------------------
-- 10. REPORTES (300 registros adicionales)
-- ------------------------------------------------------------
select * from reportes;

DELETE FROM reportes WHERE id > 97;
SELECT setval('reportes_id_seq', 97, true);

INSERT INTO reportes(fecha, resultado_id)
SELECT 
  CURRENT_DATE - ( (400 - gs) * INTERVAL '1 day' ),
  gs
FROM generate_series(98,798) AS gs;

